mean intensity (a.u.),time (s),trial,normalized intensity (a.u.)
786.469375,-3.76,0,1.0146760628665648
766.556875,-3.572,0,0.9889856320067103
777.139375,-3.384,0,1.0026388139062412
787.6975,-3.196,0,1.0162605480090512
769.59875,-3.008,0,0.9929101557667515
777.4,-2.82,0,1.0029750634250285
776.26375,-2.632,0,1.0015091122855677
776.08375,-2.444,0,1.001276882402089
779.788125,-2.2560000000000002,0,1.0060561411499345
774.9125,-2.068,0,0.9997657754519519
766.118125,-1.88,0,0.9884195716657305
788.63375,-1.692,0,1.0174684659446462
765.11875,-1.504,0,0.9871302120001653
772.9225,-1.316,0,0.9971983450734906
780.805,-1.1280000000000001,0,1.007368078720838
771.124375,-0.94,0,0.9948784652999877
789.39375,-0.752,0,1.018448992119335
749.14,-0.5640000000000001,0,0.9665149717188395
771.620625,-0.376,0,0.9955187101870789
766.8225,-0.188,0,0.9893283323555941
136.94,0.0,0,0.1766753346866779
188.10375,0.188,0,0.24268506635803408
237.389375,0.376,0,0.30627170497434125
278.89125,0.5640000000000001,0,0.35981601383770967
312.275,0.752,0,0.40288659368542673
351.315,0.94,0,0.4532546750799638
378.07375,1.1280000000000001,0,0.48777790504963775
397.959375,1.316,0,0.5134336626977228
432.2325,1.504,0,0.5576516839488791
447.341875,1.692,0,0.5771452861471522
482.616875,1.88,0,0.6226558924789221
503.11,2.068,0,0.6490954259837485
518.034375,2.2560000000000002,0,0.668350347468446
526.501875,2.444,0,0.6792748282370998
547.42625,2.632,0,0.7062707458377611
541.081875,2.82,0,0.6980854487988916
546.874375,3.008,0,0.7055587354658448
583.546875,3.196,0,0.7528723488096246
580.4775,3.384,0,0.7489123454840518
592.01875,3.572,0,0.7638024740546129
603.156875,3.76,0,0.7781725044486326
619.029375,3.948,0,0.7986506645904048
615.16375,4.136,0,0.7936633665719429
616.634375,4.324,0,0.795560716974116
624.735625,4.5120000000000005,0,0.8060126744381911
630.204375,4.7,0,0.8130682698563872
625.81125,4.888,0,0.80740040926273
642.351875,5.076,0,0.8287405615761653
638.476875,5.264,0,0.8237411682512721
646.293125,5.452,0,0.8338254283998391
654.61125,5.64,0,0.8445571906193559
649.038125,5.828,0,0.8373669341228924
659.26375,6.016,0,0.8505596880242758
671.571875,6.204,0,0.8664392126609085
664.469375,6.392,0,0.8572758085086365
674.126875,6.58,0,0.8697355868402897
684.63375,6.768,0,0.883291199934609
665.19625,6.956,0,0.858213597933935
666.08375,7.144,0,0.859358620276088
680.143125,7.332,0,0.8774975481540676
677.24375,7.52,0,0.8737568730517804
669.185625,7.708,0,0.8633605539972887
692.639375,7.896,0,0.8936197852730859
677.098125,8.084,0,0.8735689926252159
681.778125,8.272,0,0.8796069695956676
712.434375,8.46,0,0.9191586216256696
700.606875,8.648,0,0.9038991830320761
686.571875,8.836,0,0.8857917029508178
708.29125,9.024000000000001,0,0.9138133025368442
684.574375,9.212,0,0.8832145963272116
703.098125,9.4,0,0.9071133091277253
685.2525,9.588,0,0.8840894901590679
701.4325,9.776,0,0.9049643763517833
710.688125,9.964,0,0.9169056692144193
706.396875,10.152,0,0.9113692442839811
696.079375,10.34,0,0.8980579563795719
716.875,10.528,0,0.9248877651052447
695.0075,10.716,0,0.8966750596776055
705.43875,10.904,0,0.9101331039667132
698.56375,11.092,0,0.9012632125838381
706.0825,11.28,0,0.9109636483416551
704.45125,11.468,0,0.9088590650226274
724.563125,11.656,0,0.9348067227325854
709.536875,11.844,0,0.9154203655846688
716.79,12.032,0,0.9247781009936019
729.60625,12.22,0,0.9413131912388053
722.58625,12.408,0,0.9322562257831276
718.1375,12.596,0,0.9265165997046455
724.4825,12.784,0,0.934702703097277
727.495,12.972,0,0.9385893282305005
733.1425,13.16,0,0.9458755408246514
739.439375,13.348,0,0.9539995549776028
741.853125,13.536,0,0.957113693206754
739.12,13.724,0,0.9535875082051801
731.4925,13.912,0,0.9437467668927613
724.104375,14.1,0,0.9342148590712189
722.691875,14.288,0,0.9323924995689191
730.17375,14.476,0,0.9420453604547735
745.434375,14.664,0,0.96173410026347
723.50125,14.852,0,0.9334367276908122
741.663125,15.04,0,0.9568685616630819
730.761875,15.228,0,0.9428041393448904
716.35375,15.416,0,0.9242152660676705
731.870625,15.604,0,0.9442346109188194
730.394375,15.792,0,0.9423300033327875
724.560625,15.98,0,0.934803497317537
733.061875,16.168,0,0.945771521189343
732.389375,16.356,0,0.9449038845413454
724.395625,16.544,0,0.934590619924348
726.51625,16.732,0,0.9373265782390839
731.390625,16.92,0,0.9436153312295423
728.801875,17.108,0,0.9402754139470089
732.945,17.296,0,0.9456207330358343
721.8525,17.484,0,0.9313095664664462
736.44125,17.672,0,0.9501314759809072
727.445,17.86,0,0.9385248199295342
728.8625,18.048000000000002,0,0.9403536302619305
735.091875,18.236,0,0.9483905582085774
727.844375,18.424,0,0.939040079983503
731.679375,18.612,0,0.9439878666676231
739.206875,18.8,0,0.9536995913781091
735.738125,18.988,0,0.9492243279985676
726.17,19.176,0,0.9368798582548918
723.824375,19.364,0,0.9338536125858073
735.7775,19.552,0,0.9492751282855787
717.255625,19.74,0,0.9253788345463513
727.921875,19.928,0,0.9391400678500008
722.760625,20.116,0,0.9324811984827479
712.4975,20.304,0,0.9192400633556396
743.363125,20.492,0,0.9590618438959382
718.23375,20.68,0,0.9266407781840057
723.73,20.868,0,0.9337318531677333
715.3225,21.056,0,0.9228847823602392
726.3175,21.244,0,0.9370701577427426
724.66375,21.432,0,0.9349365456882802
725.6925,21.62,0,0.9362638039806631
708.10875,21.808,0,0.9135778472383169
721.524375,21.996,0,0.9308862307413545
732.7475,22.184,0,0.945365925247017
733.448125,22.372,0,0.9462698478143082
733.143125,22.56,0,0.9458763471784135
710.148125,22.748,0,0.9162089795639826
729.175,22.936,0,0.9407568071429703
728.990625,23.124,0,0.9405189327831569
735.233125,23.312,0,0.9485727941588074
729.79125,23.5,0,0.9415518719523808
732.0325,23.688,0,0.9444434565431981
718.12375,23.876,0,0.9264988599218796
730.946875,24.064,0,0.9430428200584658
821.160625,-3.76,1,0.9983966961894859
824.9875,-3.572,1,1.00304954879884
825.654375,-3.384,1,1.003860359469129
827.68375,-3.196,1,1.006327746766626
815.91,-3.008,1,0.9920127969944533
819.8525,-2.82,1,0.9968062306478594
819.174375,-2.632,1,0.9959817418219329
833.220625,-2.444,1,1.0130596790328794
813.368125,-2.2560000000000002,1,0.9889222937179151
825.63375,-2.068,1,1.0038352828504604
806.486875,-1.88,1,0.9805558218529815
833.905,-1.692,1,1.01389176683416
824.063125,-1.504,1,1.0019256603439592
821.0775,-1.316,1,0.9982956298172755
827.018125,-1.1280000000000001,1,1.0055184558914076
823.2725,-0.94,1,1.0009643899616576
825.0725,-0.752,1,1.0031528948636566
817.898125,-0.5640000000000001,1,0.9944300310546127
821.6675,-0.376,1,0.9990129730907086
808.9875,-0.188,1,0.9835961718921821
151.8375,0.0,1,0.18460950725404188
206.44375,0.188,1,0.2510017549233661
256.061875,0.376,1,0.3113292603625327
298.758125,0.5640000000000001,1,0.36324090059696357
339.63875,0.752,1,0.41294503849100994
380.483125,0.94,1,0.4626051023280021
412.946875,1.1280000000000001,1,0.5020757001125968
432.404375,1.316,1,0.5257328301851779
473.730625,1.504,1,0.575978775021976
482.653125,1.692,1,0.5868270722375795
500.54625,1.88,1,0.6085821787790134
517.33625,2.068,1,0.6289960661704376
545.19375,2.2560000000000002,1,0.6628662191190141
544.66125,2.444,1,0.6622187864188394
554.889375,2.632,1,0.6746545095859274
579.839375,2.82,1,0.7049896191997472
584.19875,3.008,1,0.7102899045092761
596.878125,3.196,1,0.7257059458102669
606.435,3.384,1,0.737325539024318
611.484375,3.572,1,0.7434647512129465
623.280625,3.76,1,0.7578070572963942
644.29375,3.948,1,0.7833555723346265
635.058125,4.136,1,0.7721265664537794
650.500625,4.324,1,0.790902114758846
652.33625,4.5120000000000005,1,0.7931339338203637
674.4375,4.7,1,0.8200054304677558
671.154375,4.888,1,0.8160136887142138
678.16375,5.076,1,0.824535939573908
685.9375,5.264,1,0.8339875451194162
693.080625,5.452,1,0.8426724140516894
703.851875,5.64,1,0.8557684881770542
687.960625,5.828,1,0.8364473334415589
710.53,6.016,1,0.8638879933429776
709.5125,6.204,1,0.86265088015532
712.169375,6.392,1,0.8658812045783747
730.683125,6.58,1,0.8883908893724771
714.03125,6.768,1,0.8681449393363799
712.9625,6.956,1,0.866845514550818
723.441875,7.144,1,0.8795867165271435
725.6375,7.332,1,0.8822562365690612
725.56375,7.52,1,0.882166568659882
731.133125,7.708,1,0.8889380155979768
739.50375,7.896,1,0.8991153232898076
727.46125,8.084,1,0.8844736175774058
733.66875,8.272,1,0.8920209198991609
729.68375,8.46,1,0.8871758132133464
736.08375,8.648,1,0.8949571639760096
731.074375,8.836,1,0.8888665852296478
742.8275,9.024000000000001,1,0.9031564583831516
734.369375,9.212,1,0.8928727650363626
748.908125,9.4,1,0.9105495015052172
733.955,9.588,1,0.8923689529703815
748.729375,9.776,1,0.910332170810088
738.34375,9.964,1,0.897704953464075
749.273125,10.152,1,0.9109932816659003
766.355625,10.34,1,0.9317628011038993
749.9975,10.528,1,0.9118740029094476
757.86,10.716,1,0.9214335139049852
762.798125,10.904,1,0.9274374643323096
752.68125,11.092,1,0.9151370029265254
757.27625,11.28,1,0.9207237696069063
761.79,11.468,1,0.9262117496076829
745.69125,11.656,1,0.9066383088904293
751.801875,11.844,1,0.9140678270941947
755.98125,12.032,1,0.9191492619135238
760.421875,12.22,1,0.9245483339026567
754.460625,12.408,1,0.9173004312098558
758.176875,12.596,1,0.9218187819554412
749.6625,12.784,1,0.9114666978304646
764.4325,12.972,1,0.9294245963874231
784.548125,13.16,1,0.9538818985647977
781.62125,13.348,1,0.950323298406443
774.18375,13.536,1,0.9412805177349888
758.248125,13.724,1,0.9219054102744786
771.82,13.912,1,0.9384065852560443
761.095625,14.1,1,0.9253675034458355
757.99875,14.288,1,0.9216022111578475
774.061875,14.476,1,0.9411323377155825
776.023125,14.664,1,0.943516896181719
775.75625,14.852,1,0.9431924199340962
776.485625,15.04,1,0.944079220357927
762.89625,15.228,1,0.9275567682453699
770.696875,15.416,1,0.937041049384901
772.88125,15.604,1,0.9396968912711811
764.25,15.792,1,0.9292027063070816
773.948125,15.98,1,0.9409940363641367
774.03375,16.168,1,0.9410981423264888
776.97375,16.356,1,0.9446727003330871
775.206875,16.544,1,0.9425244700004651
775.821875,16.732,1,0.9432722091753148
771.103125,16.92,1,0.9375349827829216
790.163125,17.108,1,0.9607088180229779
801.778125,17.296,1,0.9748307538211549
771.631875,17.484,1,0.9381778560978838
788.579375,17.672,1,0.9587832376682329
781.506875,17.86,1,0.9501842371574618
813.878125,18.048000000000002,1,0.9895423701068148
792.829375,18.236,1,0.963950540909064
801.765,18.424,1,0.9748147959729111
784.645,18.612,1,0.9539996826827871
789.333125,18.8,1,0.9596996740959449
794.93375,18.988,1,0.9665091159108107
810.236875,19.176,1,0.9851152070654794
803.61875,19.364,1,0.9770686520629559
799.831875,19.552,1,0.9724644328958684
786.174375,19.74,1,0.9558591519519509
785.600625,19.928,1,0.9551615660144387
788.025625,20.116,1,0.958109968451854
787.836875,20.304,1,0.9578804793961583
795.735625,20.492,1,0.9674840644487498
796.773125,20.68,1,0.968745494357541
807.120625,20.868,1,0.9813263579538936
805.891875,21.056,1,0.9798323993992651
784.841875,21.244,1,0.9542390504064432
792.665,21.432,1,0.9637506878572494
786.855,21.62,1,0.9566866803680193
787.078125,21.808,1,0.9569579637881629
785.97,21.996,1,0.9556106654578698
790.991875,22.184,1,0.96171644215494
803.205,22.372,1,0.9765655998945103
791.638125,22.56,1,0.9625021762065603
799.54875,22.748,1,0.9721201993123249
800.015625,22.936,1,0.9726878427712808
800.8775,23.124,1,0.97373574147262
796.168125,23.312,1,0.9680099135432579
795.39875,23.5,1,0.9670744796771603
807.72625,23.688,1,0.982062698665712
802.24625,23.876,1,0.9753999170751817
807.32875,24.064,1,0.9815794038331872
810.249375,-3.76,2,1.0255393707730964
826.65875,-3.572,2,1.0463088531466926
802.165,-3.384,2,1.015306910117889
794.301875,-3.196,2,1.0053544874272697
783.63375,-3.008,2,0.9918517529144183
787.311875,-2.82,2,0.9965071863087666
807.14625,-2.632,2,1.0216117196595977
787.38,-2.444,2,0.9965934126876934
773.6325,-2.2560000000000002,2,0.9791930876338134
803.484375,-2.068,2,1.0169768540253605
784.35375,-1.88,2,0.9927630629008736
791.14125,-1.692,2,1.0013540580856861
785.72375,-1.504,2,0.9944970832917677
768.499375,-1.316,2,0.9726960486418368
782.3625,-1.1280000000000001,2,0.9902427212195832
778.698125,-0.94,2,0.9856046913145597
782.506875,-0.752,2,0.9904254578574924
777.585,-0.5640000000000001,2,0.9841957997469584
784.523125,-0.376,2,0.9929774422466457
788.893125,-0.188,2,0.9985085875811033
135.678125,0.0,2,0.1717289309111451
192.09625,0.188,2,0.24313782081334084
242.7925,0.376,2,0.30730448595338566
285.046875,0.5640000000000001,2,0.3607861997157819
329.238125,0.752,2,0.4167194322698664
362.225,0.94,2,0.45847119422743754
389.834375,1.1280000000000001,2,0.49341660972367096
426.30375,1.316,2,0.5395762008865621
439.635,1.504,2,0.5564496748545227
473.59,1.692,2,0.5994268006740896
496.650625,1.88,2,0.6286148254746449
494.111875,2.068,2,0.6254015084911542
515.59125,2.2560000000000002,2,0.6525881320193726
541.98,2.444,2,0.6859885923041937
543.426875,2.632,2,0.6878199140217666
561.90625,2.82,2,0.7112094126064216
577.554375,3.008,2,0.7310153745255885
577.9225,3.196,2,0.7314813133988716
571.19125,3.384,2,0.7229615143067507
580.57375,3.572,2,0.7348370225677459
601.121875,3.76,2,0.7608449552280666
605.065,3.948,2,0.765835801325763
608.82375,4.136,2,0.7705932824529694
633.0825,4.324,2,0.8012977840278602
636.3375,4.5120000000000005,2,0.8054176645916268
621.9325,4.7,2,0.7871851363209491
646.735,4.888,2,0.8185778667918608
666.045,5.076,2,0.8430186943452649
676.946875,5.264,2,0.8568172881766356
675.50125,5.452,2,0.854987548594456
668.4975,5.64,2,0.8461228439866281
690.6625,5.828,2,0.8741772687779904
688.42875,6.016,2,0.8713499928304287
688.141875,6.204,2,0.8709868927577004
678.959375,6.392,2,0.8593645261596096
688.146875,6.58,2,0.870993221299273
687.989375,6.768,2,0.8707938722397359
699.99,6.956,2,0.8859831630816867
698.686875,7.144,2,0.8843337869343263
695.016875,7.332,2,0.8796886374200336
707.5075,7.52,2,0.8954981253360998
717.405625,7.708,2,0.9080262644467698
707.3225,7.896,2,0.8952639692979133
710.078125,8.084,2,0.8987517867721158
727.28125,8.272,2,0.9205259251203631
716.34625,8.46,2,0.906685404701074
714.415625,8.648,2,0.9042417965863514
736.335,8.836,2,0.9319853317729594
745.583125,9.024000000000001,2,0.9436907604791905
723.133125,9.212,2,0.9152756088181898
717.34875,9.4,2,0.9079542772863813
719.085625,9.588,2,0.9101526544151655
713.505625,9.776,2,0.9030900020201371
722.535625,9.964,2,0.9145193481002635
730.054375,10.152,2,0.9240358924900698
736.928125,10.34,2,0.9327360550170097
731.255625,10.528,2,0.9255563246028883
725.108125,10.716,2,0.9177753827393692
737.84875,10.904,2,0.9339012977340657
735.445,11.092,2,0.9308588513730355
734.25,11.28,2,0.9293463299371827
741.025625,11.468,2,0.9379222948357603
743.566875,11.656,2,0.9411387760900373
736.62625,11.844,2,0.9323539693195636
728.349375,12.032,2,0.9218778598138111
748.381875,12.22,2,0.9472331616244568
741.3025,12.408,2,0.9382727378253434
751.225,12.596,2,0.9508317285761798
746.906875,12.784,2,0.945366241860538
757.873125,12.972,2,0.9592463156646559
751.581875,13.16,2,0.9512834282309245
743.814375,13.348,2,0.9414520388978813
739.25875,13.536,2,0.9356859464575406
754.710625,13.724,2,0.9552435131199828
753.206875,13.912,2,0.9533402042420215
742.714375,14.1,2,0.9400597597519079
744.765,14.288,2,0.9426552528643729
751.4225,14.476,2,0.9510817059682978
755.685,14.664,2,0.9564767876589443
755.369375,14.852,2,0.9560772984721736
765.82,15.04,2,0.9693047414266166
755.239375,15.228,2,0.9559127563912858
765.26875,15.416,2,0.9686070197182367
763.86375,15.604,2,0.9668286995363344
752.81125,15.792,2,0.952839458390089
755.296875,15.98,2,0.9559855346193707
755.668125,16.168,2,0.9564554288311368
772.74875,16.356,2,0.9780745179108552
762.428125,16.544,2,0.9650116170373
757.3925,16.732,2,0.9586379846059893
765.2575,16.92,2,0.9685927804996984
741.606875,17.108,2,0.9386579877935757
748.94375,17.296,2,0.9479443314836784
762.491875,17.484,2,0.9650923059423507
763.08125,17.672,2,0.9658382827802215
758.67,17.86,2,0.96025492697779
763.634375,18.048000000000002,2,0.9665383776916912
771.129375,18.236,2,0.9760248615090275
756.504375,18.424,2,0.9575138774091551
784.87875,18.612,2,0.9934275597659972
760.80875,18.8,2,0.9629619606354722
756.1175,18.988,2,0.9570242065049747
766.67375,19.176,2,0.9703853399001391
768.350625,19.364,2,0.9725077745300518
765.406875,19.552,2,0.96878184567918
753.148125,19.74,2,0.9532658438785434
774.9025,19.928,2,0.9808005371932553
766.7925,20.116,2,0.9705356427624884
762.475625,20.304,2,0.9650717381822398
751.578125,20.492,2,0.9512786818247451
782.64375,20.68,2,0.9905987016830423
761.14,20.868,2,0.9633812265146574
773.668125,21.056,2,0.9792381784925182
784.815625,21.244,2,0.9933476619286431
756.4375,21.432,2,0.9574292331656215
753.311875,21.62,2,0.9534731036150462
749.608125,21.808,2,0.9487852364451383
771.64625,21.996,2,0.9766790744940956
763.09125,22.184,2,0.9658509398633668
763.246875,22.372,2,0.9660479157198143
764.281875,22.56,2,0.9673579238253437
762.51875,22.748,2,0.9651263218533034
772.10625,22.936,2,0.9772613003187754
765.00625,23.124,2,0.968274771285675
768.380625,23.312,2,0.9725457457794874
757.1875,23.5,2,0.9583785144015124
766.315625,23.688,2,0.969932058110001
766.011875,23.876,2,0.9695475992094653
761.150625,24.064,2,0.9633946746654992
706.668125,-3.76,3,1.0190881772890987
692.625,-3.572,3,0.9988365455069337
718.435,-3.384,3,1.0360572222649687
693.25875,-3.196,3,0.9997504782421295
692.574375,-3.008,3,0.9987635390458383
687.740625,-2.82,3,0.9917927739827173
695.673125,-2.632,3,1.003232255516352
704.601875,-2.444,3,1.0161084320991998
705.943125,-2.2560000000000002,3,1.018042652661064
688.579375,-2.068,3,0.9930023378196333
698.86375,-1.88,3,1.007833465194039
688.150625,-1.692,3,0.9923840361861576
682.2575,-1.504,3,0.9838855433260377
695.949375,-1.316,3,1.0036306364522067
682.0325,-1.1280000000000001,3,0.9835610701656131
684.423125,-0.94,3,0.987008597495124
694.07375,-0.752,3,1.0009257921343342
680.603125,-0.5640000000000001,3,0.9814997642825826
682.750625,-0.376,3,0.9845966803359681
690.9125,-0.188,3,0.9963669442303691
144.250625,0.0,3,0.20802424971985728
193.03625,0.188,3,0.2783781427289122
243.011875,0.376,3,0.35044813823087934
278.330625,0.5640000000000001,3,0.4013814112741899
308.60625,0.752,3,0.44504197895231784
327.918125,0.94,3,0.47289169057442465
369.6,1.1280000000000001,3,0.5330012448574087
388.729375,1.316,3,0.5605877726938377
406.695625,1.504,3,0.5864969545537388
418.373125,1.692,3,0.6033371115797734
447.589375,1.88,3,0.6454699514609025
455.433125,2.068,3,0.6567814463590363
477.08375,2.2560000000000002,3,0.6880038762208895
478.31375,2.444,3,0.6897776628312104
495.01375,2.632,3,0.7138607818493888
510.70375,2.82,3,0.7364873769029947
515.83,3.008,3,0.7438799570746676
524.305,3.196,3,0.7561017794506593
541.868125,3.384,3,0.7814296135647996
533.711875,3.572,3,0.7696674614994093
557.73125,3.76,3,0.8043058726890656
549.8625,3.948,3,0.792958325217551
555.9275,4.136,3,0.8017046795196621
559.155,4.324,3,0.8063590667430853
567.359375,4.5120000000000005,3,0.8181906200122331
579.67625,4.7,3,0.8359528216024742
572.563125,4.888,3,0.8256949631613856
588.82125,5.076,3,0.8491408529450635
591.8875,5.264,3,0.8535627010701827
588.0325,5.452,3,0.8480033942549086
589.485625,5.64,3,0.8500989500826505
590.830625,5.828,3,0.8520385785305218
597.97875,6.016,3,0.862346910574343
597.555625,6.204,3,0.861736720769878
589.946875,6.392,3,0.8507641200615208
592.049375,6.58,3,0.8537961414828215
592.32375,6.768,3,0.8541918184756725
599.430625,6.956,3,0.8644406637734159
588.418125,7.144,3,0.8485595051993029
576.964375,7.332,3,0.8320420187050238
596.118125,7.52,3,0.8596636978004988
597.1525,7.708,3,0.8611553730241174
611.575625,7.896,3,0.8819550039216659
604.908125,8.084,3,0.872339782601085
598.27375,8.272,3,0.862772330940233
612.56125,8.46,3,0.8833763766271925
611.674375,8.648,3,0.8820974115865191
606.924375,8.836,3,0.8752474226442228
594.365,9.024000000000001,3,0.8571355110921909
605.963125,9.212,3,0.8738612011977422
624.191875,9.4,3,0.9001489350781386
632.116875,9.588,3,0.9115776008397593
604.444375,9.776,3,0.8716710073648766
600.895625,9.964,3,0.8665533445735136
612.301875,10.152,3,0.8830023311783698
609.3825,10.34,3,0.8787922919218611
637.7275,10.528,3,0.9196686996206793
613.205,10.716,3,0.8843047303917406
639.4875,10.904,3,0.9222068007866671
619.025625,11.092,3,0.892698670789057
626.66625,11.28,3,0.9037172385284743
630.369375,11.468,3,0.9090575259604619
638.64625,11.656,3,0.920993631692413
637.280625,11.844,3,0.9190242598715028
633.85375,12.032,3,0.9140823533753699
633.55125,12.22,3,0.9136461172374658
638.554375,12.408,3,0.9208611384852398
615.03375,12.596,3,0.8869419761345246
632.3525,12.784,3,0.9119173963438705
625.62375,12.972,3,0.9022138462185071
632.67625,13.16,3,0.912384277169148
630.965,13.348,3,0.9099164785212525
630.81625,13.536,3,0.9097019657096383
634.409375,13.724,3,0.9148836218187516
633.639375,13.912,3,0.913773202558632
625.469375,14.1,3,0.9019912215778826
645.60125,14.288,3,0.93102345760687
628.4625,14.476,3,0.9063076159258636
627.176875,14.664,3,0.9044536123397712
639.4275,14.852,3,0.9221202746105539
640.795,15.04,3,0.9240923503744675
635.435,15.228,3,0.9163626786416869
631.71875,15.416,3,0.9110034636086747
611.1575,15.604,3,0.8813520246318771
618.63,15.792,3,0.8921281388153105
620.46875,15.98,3,0.8947798055874467
613.456875,16.168,3,0.8846679600685491
621.711875,16.356,3,0.8965725197987924
619.81125,16.544,3,0.8938316229075394
613.085,16.732,3,0.8841316780395142
634.491875,16.92,3,0.9150025953109074
618.869375,17.108,3,0.8924733422054288
627.979375,17.296,3,0.9056108999452854
617.085,17.484,3,0.8899000897803953
627.05125,17.672,3,0.904272448158534
619.48625,17.86,3,0.8933629394535929
637.2125,18.048000000000002,3,0.9189260166090409
632.835,18.236,3,0.9126132110101143
638.54875,18.424,3,0.9208530266562291
637.165625,18.612,3,0.9188584180339525
623.49125,18.8,3,0.89913856170915
622.975625,18.988,3,0.8983949773831771
637.451875,19.176,3,0.9192712199991593
622.8075,19.364,3,0.8981525238271931
646.816875,19.552,3,0.9327765139874971
630.900625,19.74,3,0.9098236431447976
635.205625,19.928,3,0.9160318962809209
629.22875,20.116,3,0.9074126272999762
640.68125,20.304,3,0.9239283111655863
618.676875,20.492,3,0.8921957373903989
625.84125,20.68,3,0.9025275036069175
618.7975,20.868,3,0.8923696910569598
634.28875,21.056,3,0.9147096681521908
627.99875,21.244,3,0.9056388406896553
633.23625,21.432,3,0.9131918548128715
632.470625,21.62,3,0.9120877447530935
623.69375,21.808,3,0.8994305875535321
620.5875,21.996,3,0.894951055311004
632.895625,22.184,3,0.912700638500562
611.950625,22.372,3,0.8824957925223735
634.015625,22.56,3,0.9143157937880086
624.785,22.748,3,0.9010042823815911
634.511875,22.936,3,0.9150314373696118
629.541875,23.124,3,0.907864185781567
626.994375,23.312,3,0.9041904285540934
622.550625,23.5,3,0.8977820836357083
615.638125,23.688,3,0.8878135470959982
621.455625,23.876,3,0.8962029809216423
620.441875,24.064,3,0.8947410490710627
889.34375,-3.76,4,1.0233969318816587
875.12125,-3.572,4,1.0070306361004304
878.52625,-3.384,4,1.0109488809332714
883.743125,-3.196,4,1.0169521095712533
872.82125,-3.008,4,1.00438395089763
877.05625,-2.82,4,1.009257303868873
868.528125,-2.632,4,0.9994437115883817
868.18625,-2.444,4,0.9990503048476393
879.55,-2.2560000000000002,4,1.0121269435316917
878.71875,-2.068,4,1.0111703969774188
865.4125,-1.88,4,0.9958584600296972
854.123125,-1.692,4,0.9828674070899744
880.51625,-1.504,4,1.013238839000042
870.10125,-1.316,4,1.0012539579621447
851.90375,-1.1280000000000001,4,0.9803134997108593
863.478125,-0.94,4,0.99363251146919
848.81875,-0.752,4,0.9767634893410166
858.409375,-0.5640000000000001,4,0.987799735111932
846.86125,-0.376,4,0.9745109300868944
867.47625,-0.188,4,0.998233284632862
148.78875,0.0,4,0.17121607955136262
198.116875,0.188,4,0.22797956586413531
245.9775,0.376,4,0.2830543519442518
285.194375,0.5640000000000001,4,0.3281824922758014
323.023125,0.752,4,0.3717132717825088
357.86625,0.94,4,0.4118083949811247
373.88625,1.1280000000000001,4,0.4302431327849764
407.814375,1.316,4,0.4692853355659566
441.2875,1.504,4,0.5078039549698612
457.519375,1.692,4,0.5264825042638621
471.80875,1.88,4,0.5429257552941936
503.66625,2.068,4,0.5795852221847182
514.2175,2.2560000000000002,4,0.591726890552564
532.90875,2.444,4,0.6132355230729287
538.565625,2.632,4,0.6197450740975331
558.03,2.82,4,0.6421433668341651
569.64625,3.008,4,0.6555105655241771
582.620625,3.196,4,0.6704406030581251
587.139375,3.384,4,0.6756404764321048
612.156875,3.572,4,0.704428931676041
609.384375,3.76,4,0.7012385252739699
621.79,3.948,4,0.7155140835865733
629.14125,4.136,4,0.7239734073244363
639.094375,4.324,4,0.7354267936979669
662.480625,4.5120000000000005,4,0.7623381162301346
666.470625,4.7,4,0.7669295396906445
682.383125,4.888,4,0.7852405737295824
659.78,5.076,4,0.7592304187406509
668.230625,5.264,4,0.768954829237135
696.7325,5.452,4,0.8017528687217262
679.108125,5.64,4,0.7814719241473345
687.483125,5.828,4,0.7911093104836177
711.374375,6.016,4,0.8186017530277044
709.259375,6.204,4,0.8161679533738252
706.06625,6.392,4,0.8124935200311333
709.10125,6.58,4,0.8159859937661328
720.863125,6.768,4,0.8295207679051263
723.085,6.956,4,0.8320775521159836
729.19875,7.144,4,0.8391128441414704
721.019375,7.332,4,0.8297005698890121
730.09,7.52,4,0.8401384346575553
732.60625,7.708,4,0.8430339658060536
743.041875,7.896,4,0.8550425807058238
743.864375,8.084,4,0.8559890583489991
746.91125,8.272,4,0.8594951970347737
759.94,8.46,4,0.8744878056591142
758.849375,8.648,4,0.8732327878115906
748.68625,8.836,4,0.8615377475717173
737.11125,9.024000000000001,4,0.8482180166054514
770.19875,9.212,4,0.8862928847131255
755.53375,9.4,4,0.8694173897135323
765.811875,9.588,4,0.8812447642135455
754.095625,9.776,4,0.8677624922538466
754.334375,9.964,4,0.8680372296852242
771.290625,10.152,4,0.88754934097652
754.964375,10.34,4,0.8687621912842521
754.453125,10.528,4,0.8681738791929775
750.30375,10.716,4,0.8633990577089041
766.88375,10.904,4,0.8824782058230026
761.688125,11.092,4,0.8764994302548293
769.81875,11.28,4,0.8858556062883151
770.43375,11.468,4,0.8865633068968899
764.253125,11.656,4,0.8794510596223
765.039375,11.844,4,0.8803558232052137
776.384375,12.032,4,0.8934108856511997
773.50625,12.22,4,0.8900989331080219
768.6925,12.408,4,0.8845595935884656
767.7275,12.596,4,0.8834491365359863
792.525,12.784,4,0.9119844305866113
775.908125,12.972,4,0.8928628492043157
773.40375,13.16,4,0.8899809830065927
795.133125,13.348,4,0.9149856853016344
774.0425,13.536,4,0.8907160135167183
796.505625,13.724,4,0.9165650659280881
777.635,13.912,4,0.8948500207302224
805.34625,14.1,4,0.9267382621763512
780.60125,14.288,4,0.898263381592312
787.925,14.476,4,0.9066910601810109
795.116875,14.664,4,0.9149669858953103
788.91625,14.852,4,0.907831723966783
794.71375,15.04,4,0.9145030967768848
797.05125,15.228,4,0.9171929344558175
784.84375,15.416,4,0.9031453650587814
794.79,15.604,4,0.914590840145021
762.469375,15.792,4,0.8773984401742587
774.671875,15.98,4,0.8914402559078105
786.691875,16.168,4,0.9052720629241836
796.116875,16.356,4,0.91611771859218
798.706875,16.544,4,0.9190981162770723
790.0175,16.732,4,0.9090989683492108
789.646875,16.92,4,0.9086724780434334
797.020625,17.108,4,0.9171576932669759
791.2525,17.296,4,0.9105201232298448
781.528125,17.484,4,0.8993299669607231
785.74875,17.672,4,0.9041867781494484
799.18375,17.86,4,0.9196468719318921
777.315625,18.048000000000002,4,0.8944825054751596
779.10125,18.236,4,0.8965372825470076
786.539375,18.424,4,0.905096576187911
759.948125,18.612,4,0.8744971553622761
780.263125,18.8,4,0.8978742900991828
784.451875,18.988,4,0.9026944216831956
782.34125,19.176,4,0.900265656484865
786.943125,19.364,4,0.9055611845142721
774.92875,19.552,4,0.8917358503693189
780.4225,19.74,4,0.8980576881227466
785.785625,19.928,4,0.9042292114176455
776.87125,20.116,4,0.8939711486329882
780.02625,20.304,4,0.897601710291612
790.566875,20.492,4,0.9097311521245535
790.96375,20.68,4,0.9101878491636236
798.5,20.868,4,0.9188600584504074
786.879375,21.056,4,0.9054878253048466
776.36,21.244,4,0.8933828365417136
786.779375,21.432,4,0.9053727520351597
785.1475,21.62,4,0.9034949001154556
788.24125,21.808,4,0.907054979396396
782.61875,21.996,4,0.9005849848082464
779.04875,22.184,4,0.8964768690804219
784.359375,22.372,4,0.9025879789087352
771.095,22.56,4,0.8873242288926949
796.470625,22.748,4,0.9165247902836976
784.335,22.936,4,0.902559929799249
767.609375,23.124,4,0.8833132062361687
778.116875,23.312,4,0.8954045300485265
800.2375,23.5,4,0.9208594565112184
776.965,23.688,4,0.8940790298233198
784.205,23.876,4,0.9024103345486559
790.724375,24.064,4,0.9099123925243104
891.705625,-3.76,5,1.0213477856019917
882.96125,-3.572,5,1.0113320945574011
886.1375,-3.384,5,1.014970129143107
859.06875,-3.196,5,0.9839659422271458
886.06,-3.008,5,1.014881361671909
877.380625,-2.82,5,1.0049401207644522
878.236875,-2.632,5,1.005920858147848
875.6225,-2.444,5,1.0029263877283265
869.464375,-2.2560000000000002,5,0.9958729531016132
893.59625,-2.068,5,1.0235132823791975
858.6925,-1.88,5,0.9835349904718143
877.42125,-1.692,5,1.0049866521001607
869.873125,-1.504,5,0.9963411299255115
851.8275,-1.316,5,0.9756719106037718
847.795625,-1.1280000000000001,5,0.9710538545013736
867.505625,-0.94,5,0.9936294268537577
883.15875,-0.752,5,1.011558308435615
868.506875,-0.5640000000000001,5,0.9947762453122977
863.26875,-0.376,5,0.988776566472707
868.660625,-0.188,5,0.9949523485212869
163.12625,0.0,5,0.1868426412708307
221.668125,0.188,5,0.25389572776026337
270.681875,0.376,5,0.31003542635928205
317.67125,0.5640000000000001,5,0.3638564327066084
355.30125,0.752,5,0.40695733517338706
382.289375,0.94,5,0.43786917528463426
421.234375,1.1280000000000001,5,0.48247626129496374
437.833125,1.316,5,0.5014882491987757
481.610625,1.504,5,0.5516304165583134
503.849375,1.692,5,0.577102385591879
523.499375,1.88,5,0.5996092347407549
532.56875,2.068,5,0.6099971764710138
574.666875,2.2560000000000002,5,0.6582158099990303
579.006875,2.444,5,0.6631867883861102
590.20375,2.632,5,0.676011540374091
607.0775,2.82,5,0.6953385096273146
613.505625,3.008,5,0.7027011986698142
622.788125,3.196,5,0.7133332509458672
638.758125,3.384,5,0.7316250769462512
660.760625,3.572,5,0.7568264483660042
653.061875,3.76,5,0.7480084023158816
673.05875,3.948,5,0.7709125574850383
679.51125,4.136,5,0.778303165328963
684.338125,4.324,5,0.7838318038778425
681.12375,4.5120000000000005,5,0.7801501014232409
688.345,4.7,5,0.7884212253121123
708.635,4.888,5,0.8116611219650738
712.913125,5.076,5,0.8165612295485362
690.38,5.264,5,0.7907520872977593
730.83375,5.452,5,0.837087275529634
717.96125,5.64,5,0.8223432849103512
722.888125,5.828,5,0.827986462131744
727.50375,6.016,5,0.8332731377349389
728.39875,6.204,5,0.8342982588539336
727.25625,6.392,5,0.8329896545204685
721.68,6.58,5,0.8266026917944419
740.646875,6.768,5,0.8483270986367111
737.43875,6.956,5,0.8446525548491417
737.675,7.144,5,0.8449231524629545
762.38375,7.332,5,0.8732242267076001
766.438125,7.52,5,0.877868054011314
756.54375,7.708,5,0.8665351682328198
754.399375,7.896,5,0.8640790295741113
767.198125,8.084,5,0.8787385479224155
766.695,8.272,5,0.8781622752263327
773.245,8.46,5,0.8856645582759579
760.97875,8.648,5,0.8716149583587874
772.69375,8.836,5,0.885033163843728
765.89875,9.024000000000001,5,0.8772502610464449
753.25625,9.212,5,0.862769709373943
770.0275,9.4,5,0.8819792764878405
765.62,9.588,5,0.876930984496814
788.0375,9.776,5,0.9026076914074973
781.7275,9.964,5,0.8953803011719039
797.975,10.152,5,0.9139899719885127
777.5675,10.34,5,0.8906154923953481
787.12125,10.528,5,0.9015582308205936
783.820625,10.716,5,0.8977777387609492
776.5775,10.904,5,0.8894815595374658
786.0225,11.092,5,0.900299737156353
780.509375,11.28,5,0.8939850769673505
787.22125,11.468,5,0.9016727694931069
789.88625,11.656,5,0.9047252251155881
789.535625,11.844,5,0.904323623895088
791.509375,12.032,5,0.9065843309438205
796.411875,12.22,5,0.9121995893637882
784.839375,12.408,5,0.8989446014871793
786.970625,12.596,5,0.9013857069451203
791.419375,12.784,5,0.9064812461385585
797.084375,12.972,5,0.9129698619364406
795.985625,13.16,5,0.9117113682722
790.331875,13.348,5,0.9052356380749756
790.88,13.536,5,0.9058634531736895
800.924375,13.724,5,0.9173681469609538
803.971875,13.912,5,0.9208587130057985
786.033125,14.1,5,0.9003119068903075
783.594375,14.288,5,0.8975185950143879
793.509375,14.476,5,0.9088751043940878
791.515625,14.664,5,0.9065914896108527
789.370625,14.852,5,0.904134635085441
789.168125,15.04,5,0.9039026942736015
781.080625,15.228,5,0.8946393791340832
783.164375,15.416,5,0.8970260787225803
780.93875,15.604,5,0.8944768773924548
790.518125,15.792,5,0.9054489663525319
789.69625,15.98,5,0.9045076016378126
785.9425,16.168,5,0.9002081062183422
798.79875,16.356,5,0.9149334843033416
805.381875,16.544,5,0.9224737082882369
792.525,16.732,5,0.9077476143365344
793.53875,16.92,5,0.9089087501291387
799.34375,17.108,5,0.9155577200685394
799.274375,17.296,5,0.9154782588644832
788.615,17.484,5,0.9032691522412619
786.5775,17.672,5,0.9009354267888021
801.509375,17.86,5,0.9180381981951569
783.405625,18.048000000000002,5,0.8973024032700189
784.95625,18.236,5,0.8990784685606792
781.8675,18.424,5,0.8955406553134226
799.19875,18.612,5,0.915391638993395
792.7775,18.8,5,0.9080368244846307
798.00375,18.988,5,0.9140229018568603
794.81625,19.176,5,0.9103719816704968
800.83375,19.364,5,0.9172643462889886
790.558125,19.552,5,0.9054947818215372
790.014375,19.74,5,0.9048719777897457
795.326875,19.928,5,0.9109568447670182
789.610625,20.116,5,0.9044095278994732
785.646875,20.304,5,0.8998695012677247
788.124375,20.492,5,0.9027071968792432
805.200625,20.68,5,0.9222661069443064
778.949375,20.868,5,0.8921982736761421
793.105,21.056,5,0.9084119386371119
794.946875,21.244,5,0.9105215978114675
810.009375,21.432,5,0.9277739853587929
802.098125,21.62,5,0.9187125446295793
794.9775,21.808,5,0.9105566752799246
793.02375,21.996,5,0.9083188759656947
815.190625,22.184,5,0.9337085203283915
812.879375,22.372,5,0.9310612452599263
804.66625,22.56,5,0.9216540409130631
791.9725,22.748,5,0.9071147881708981
780.638125,22.936,5,0.8941325455082114
796.965,23.124,5,0.9128331313961278
780.03875,23.312,5,0.8934460293398346
791.31625,23.5,5,0.9063631281325291
806.8575,23.688,5,0.9241638695745122
785.339375,23.876,5,0.8995172948497461
789.474375,24.064,5,0.9042534689581736
824.1825,-3.76,6,1.0098155262723993
838.374375,-3.572,6,1.0272038786360045
829.959375,-3.384,6,1.0168935436633715
828.518125,-3.196,6,1.0151276767258424
822.53125,-3.008,6,1.007792360422897
811.96625,-2.82,6,0.9948477746848259
809.044375,-2.632,6,0.9912677972637727
803.12,-2.444,6,0.9840090580179625
798.96625,-2.2560000000000002,6,0.9789197468007818
812.951875,-2.068,6,0.9960553948758422
815.358125,-1.88,6,0.999003611575533
809.910625,-1.692,6,0.9923291552756615
816.5275,-1.504,6,1.0004363683145256
810.271875,-1.316,6,0.9927717706659008
846.381875,-1.1280000000000001,6,1.0370149311961188
808.125,-0.94,6,0.9901413487533194
805.7075,-0.752,6,0.9871793481833443
810.413125,-0.5640000000000001,6,0.9929448348150255
804.945625,-0.376,6,0.9862458738568707
821.29,-0.188,6,1.0062715400681994
155.7725,0.0,6,0.19085759412055864
209.796875,0.188,6,0.25705003653733216
260.89875,0.376,6,0.3196617357624812
302.115625,0.5640000000000001,6,0.3701620076311859
349.73875,0.752,6,0.4285114278562103
382.45875,0.94,6,0.46860104880743525
400.041875,1.1280000000000001,6,0.49014447229117625
432.034375,1.316,6,0.5293427362973517
463.500625,1.504,6,0.567896221482452
483.266875,1.692,6,0.5921144815719126
490.17375,1.88,6,0.6005770121558823
517.565,2.068,6,0.6341376732157918
531.7525,2.2560000000000002,6,0.6515206651853978
558.311875,2.444,6,0.6840620856148426
555.235625,2.632,6,0.6802929628626664
584.209375,2.82,6,0.7157925550092298
586.24375,3.008,6,0.7182851382189683
607.999375,3.196,6,0.7449408460370305
615.40125,3.384,6,0.7540098669135081
625.1325,3.572,6,0.7659329147094008
634.3375,3.76,6,0.777211183684218
644.418125,3.948,6,0.7895622972294944
659.02125,4.136,6,0.8074545266290469
655.438125,4.324,6,0.8030643639435072
673.203125,4.5120000000000005,6,0.8248306266635106
680.253125,4.7,6,0.8334685187083191
682.20625,4.888,6,0.8358615517437824
692.378125,5.076,6,0.8483244677924756
700.3475,5.264,6,0.8580888083477375
693.7475,5.452,6,0.8500022711142997
708.76625,5.64,6,0.8684037379437988
707.311875,5.828,6,0.8666217898242713
699.534375,6.016,6,0.8570925408344133
736.264375,6.204,6,0.9020953457714088
707.535,6.392,6,0.8668951699182427
726.113125,6.58,6,0.8896577001515701
707.02125,6.768,6,0.8662657065085944
721.85125,6.956,6,0.8844359106255463
719.1175,7.144,6,0.8810864301464688
720.530625,7.332,6,0.8828178374082873
714.40875,7.52,6,0.8753171146619311
731.8475,7.708,6,0.8966836451436905
728.754375,7.896,6,0.892893846586088
733.68875,8.084,6,0.8989396052468827
742.46,8.272,6,0.9096864294451843
738.773125,8.46,6,0.9051691488448008
744.72625,8.648,6,0.9124631135368931
735.550625,8.836,6,0.9012208357789291
730.679375,9.024000000000001,6,0.8952524199458407
748.619375,9.212,6,0.9172330984258215
734.884375,9.4,6,0.9004045243498718
744.895625,9.588,6,0.9126706373617285
757.08375,9.776,6,0.9276039292735913
739.553125,9.964,6,0.9061248305178434
764.15875,10.152,6,0.9362724521412538
756.06875,10.34,6,0.9263603178657216
762.06875,10.528,6,0.9337117153506651
753.56125,10.716,6,0.9232880463334723
750.15375,10.904,6,0.9191130651784815
771.396875,11.092,6,0.9451408411280381
766.06125,11.28,6,0.9386034577604377
764.320625,11.468,6,0.9364707867192328
765.5725,11.656,6,0.9380046251736435
777.5775,11.844,6,0.9527135463081011
770.776875,12.032,6,0.9443811967212606
766.46875,12.22,6,0.9391027401729569
778.585625,12.408,6,0.953948734239686
758.849375,12.596,6,0.9297672311376501
772.015625,12.784,6,0.9458989539936729
786.11125,12.972,6,0.9631693776892906
780.496875,13.16,6,0.956290460646869
763.608125,13.348,6,0.9355978082678958
770.844375,13.536,6,0.9444638999429662
786.115625,13.724,6,0.9631747380832899
763.68375,13.912,6,0.935690466507029
760.0975,14.1,6,0.9312964749686325
756.240625,14.288,6,0.9265709047728424
772.68,14.476,6,0.946712968111016
759.461875,14.664,6,0.9305176862975714
784.7425,14.852,6,0.9614923401380377
776.1175,15.04,6,0.9509247062534315
789.390625,15.228,6,0.9671873758771549
768.636875,15.416,6,0.9417591982849641
789.45375,15.604,6,0.9672647187048611
775.276875,15.792,6,0.9498947448349682
775.32125,15.98,6,0.9499491145455339
785.07625,16.168,6,0.9619012616231377
774.525625,16.356,6,0.9489742886082075
790.758125,16.544,6,0.9688628818872649
781.284375,16.732,6,0.9572553315667677
781.65625,16.92,6,0.9577109650567199
774.053125,17.108,6,0.9483953660562683
786.15,17.296,6,0.963216855464714
792.221875,17.484,6,0.9706563165653626
783.395625,17.672,6,0.9598421045567822
785.006875,17.86,6,0.9618162610897182
777.949375,18.048000000000002,6,0.9531691797980534
794.561875,18.236,6,0.9735233615844905
784.370625,18.424,6,0.9610367066480856
771.1,18.612,6,0.9447771001066476
773.12625,18.8,6,0.9472597282989588
792.59125,18.988,6,0.9711088869730293
795.56875,19.176,6,0.9747570179749326
779.80875,19.364,6,0.9554473472478145
791.5625,19.552,6,0.9698484286125901
794.56,19.74,6,0.9735210642727764
792.8525,19.928,6,0.9714289790718529
774.50125,20.116,6,0.948944423555925
787.065,20.304,6,0.964337943581168
781.08125,20.492,6,0.9570064561310795
778.598125,20.68,6,0.9539640496511128
776.19375,20.868,6,0.9510181302631361
770.37125,21.056,6,0.9438842116204555
790.27875,21.244,6,0.9682755358590407
789.883125,21.432,6,0.9677908030873773
789.958125,21.62,6,0.9678826955559391
789.631875,21.808,6,0.9674829633176953
804.25125,21.996,6,0.9853951027521028
780.2775,22.184,6,0.9560216751763257
788.115625,22.372,6,0.9656252039116044
783.34,22.56,6,0.9597739509759323
795.588125,22.748,6,0.9747807568626443
789.925,22.936,6,0.9678421097156577
785.59375,23.124,6,0.9625353196562141
776.734375,23.312,6,0.9516805218073523
780.296875,23.5,6,0.9560454140640375
784.4775,23.688,6,0.961167653415786
787.1625,23.876,6,0.9644574037902983
778.9025,24.064,6,0.9543369799193595
841.81625,-3.76,7,1.0056872274821043
839.26625,-3.572,7,1.0026408353150733
835.184375,-3.384,7,0.9977643678535834
858.67,-3.196,7,1.0258217890448875
850.813125,-3.008,7,1.016435466512597
846.6875,-2.82,7,1.0115067325188296
842.086875,-2.632,7,1.0060105333174778
832.15375,-2.444,7,0.9941437904962467
831.65625,-2.2560000000000002,7,0.993549445357777
844.6175,-2.068,7,1.0090337788773573
845.6325,-1.88,7,1.0102463624261953
842.26625,-1.692,7,1.0062248260998157
827.846875,-1.504,7,0.988998523725901
835.253125,-1.316,7,0.9978465009757336
825.850625,-1.1280000000000001,7,0.9866136765245539
837.3925,-0.94,7,1.000402334404103
819.33625,-0.752,7,0.9788311898684352
826.150625,-0.5640000000000001,7,0.986972075603028
821.378125,-0.376,7,0.9812705435963005
825.27875,-0.188,7,0.9859304782812123
154.368125,0.0,7,0.18441797915264868
209.294375,0.188,7,0.25003637043279914
274.96375,0.376,7,0.32848918204606103
312.12,0.5640000000000001,7,0.372878401244588
356.9675,0.752,7,0.42645607681749786
389.23,0.94,7,0.464998911048414
411.63,1.1280000000000001,7,0.49175937557448973
437.974375,1.316,7,0.5232320413177548
466.549375,1.504,7,0.5573695535424251
503.234375,1.692,7,0.6011957875218488
523.019375,1.88,7,0.6248322067472242
511.605625,2.068,7,0.6111966151407734
547.0175,2.2560000000000002,7,0.6535018930309221
564.626875,2.444,7,0.6745391722726125
573.7475,2.632,7,0.6854352509229757
596.465,2.82,7,0.7125750211404369
599.008125,3.008,7,0.7156131999952527
614.0625,3.196,7,0.7335981137519377
612.225,3.384,7,0.7314029193962831
637.944375,3.572,7,0.7621289203927268
638.178125,3.76,7,0.762408173008038
643.141875,3.948,7,0.7683381844272928
641.645,4.136,7,0.7665499223586557
653.479375,4.324,7,0.7806880193397173
676.828125,4.5120000000000005,7,0.8085819209514679
674.084375,4.7,7,0.8053040627129223
695.525625,4.888,7,0.8309191435173742
694.644375,5.076,7,0.8298663462243561
689.663125,5.264,7,0.8239154281921903
711.05,5.452,7,0.8494655491636686
712.525,5.64,7,0.8512276779661669
707.52125,5.828,7,0.8452498800031155
715.099375,6.016,7,0.854303190058324
720.026875,6.204,7,0.8601898949222632
723.951875,6.392,7,0.8648789495323009
709.563125,6.58,7,0.8476892337309808
720.989375,6.768,7,0.861339758632368
728.33625,6.956,7,0.8701168027312525
731.980625,7.144,7,0.8744706048699675
719.736875,7.332,7,0.8598434424797381
727.783125,7.52,7,0.8694560044303157
726.481875,7.708,7,0.8679014484274336
729.07875,7.896,7,0.8710038404504762
747.68875,8.084,7,0.8932365299518276
734.533125,8.272,7,0.8775199836959858
740.5675,8.46,7,0.8847290318265455
744.421875,8.648,7,0.8893337133201925
745.615,8.836,7,0.8907590963218744
747.659375,9.024000000000001,7,0.8932014367087269
750.1825,9.212,7,0.8962157222916446
750.0975,9.4,7,0.8961141758860768
730.453125,9.588,7,0.8726457562287363
733.221875,9.776,7,0.8759534810571546
741.358125,9.964,7,0.8856735627312744
737.454375,10.152,7,0.8810098947226286
743.034375,10.34,7,0.8876761175822492
748.660625,10.528,7,0.8943975936331346
737.70125,10.716,7,0.8813048272976229
733.62,10.904,7,0.8764291065008798
744.485,11.092,7,0.8894091264596216
750.256875,11.28,7,0.8963045753965163
735.646875,11.468,7,0.8788505402748213
738.93375,11.656,7,0.8827772501783546
739.385,11.844,7,0.8833163421255597
746.8975,12.032,7,0.8922912523823519
750.14375,12.22,7,0.8961694290773415
756.47375,12.408,7,0.9037316496331479
750.070625,12.596,7,0.8960820693019635
740.11375,12.784,7,0.8841869532203532
757.345625,12.972,7,0.9047732469549636
763.554375,13.16,7,0.9121906145498866
748.388125,13.348,7,0.8940720478035206
753.758125,13.536,7,0.9004873913082092
740.725625,13.724,7,0.8849179380074914
736.78125,13.912,7,0.880205736790302
744.910625,14.1,7,0.8899176051522067
771.964375,14.288,7,0.922237735383114
757.16375,14.476,7,0.9045559675136386
756.661875,14.664,7,0.9039563957219411
755.96875,14.852,7,0.9031283445177163
748.314375,15.04,7,0.8939839413633958
743.333125,15.228,7,0.8880330233312298
724.436875,15.416,7,0.8654583613758343
738.806875,15.604,7,0.8826256772347499
744.103125,15.792,7,0.8889529142993137
750.714375,15.98,7,0.8968511339911895
737.726875,16.168,7,0.8813354405522426
742.23,16.356,7,0.8867151600530903
749.0375,16.544,7,0.894847832475468
747.475,16.732,7,0.8929811706084146
756.35125,16.92,7,0.903585303342771
753.69375,17.108,7,0.9004104848392868
753.400625,17.296,7,0.9000602990730275
721.433125,17.484,7,0.8618698906026111
725.735625,17.672,7,0.867009930719729
746.5675,17.86,7,0.8918970133960301
740.784375,18.048000000000002,7,0.8849881244936925
744.095625,18.236,7,0.8889439543223518
733.30125,18.424,7,0.876048307480001
745.316875,18.612,7,0.8904029372376406
751.026875,18.8,7,0.8972244663646002
773.838125,18.988,7,0.9244762362940844
745.701875,19.176,7,0.8908628827216826
748.194375,19.364,7,0.893840581732006
747.26,19.552,7,0.8927243179355081
749.441875,19.74,7,0.8953309245666613
728.621875,19.928,7,0.8704580285205499
735.89125,20.116,7,0.8791424861908285
735.755625,20.304,7,0.8789804599407682
747.1,20.492,7,0.8925331717603219
738.4275,20.68,7,0.8821724517334294
731.796875,20.868,7,0.8742510854344021
750.1275,21.056,7,0.8961500157939244
741.176875,21.244,7,0.8854570299546963
738.964375,21.432,7,0.8828138367509489
726.7025,21.62,7,0.8681650210830616
722.890625,21.808,7,0.8636111127921984
734.063125,21.996,7,0.8769584918063762
735.17,22.184,7,0.8782808350729966
749.97875,22.372,7,0.8959723095841808
740.81625,22.56,7,0.8850262043957804
739.898125,22.748,7,0.8839293538827
742.755,22.936,7,0.8873423584404201
742.87125,23.124,7,0.8874812380833289
740.76625,23.312,7,0.8849664712160347
737.4325,23.5,7,0.8809837614564898
736.408125,23.688,7,0.8797599779364498
737.69375,23.876,7,0.8812958673206611
732.053125,24.064,7,0.8745572179805988
